insert into portfolios_table (id, name) values (10001, 'my-portfolio');

INSERT INTO ticker_table (id, symbol, company_name, isin) VALUES
(10001, 'AAPL', 'Apple Inc.', 'US1'),
(10002, 'GOOGL', 'Alphabet Inc.', 'US2'),
(10003, 'AMZN', 'Amazon.com Inc.', 'US3'),
(10004, 'MSFT', 'Microsoft Corporation', 'US4'),
(10005, 'TSLA', 'Tesla Inc.', 'US0378331005'),
(10006, 'META', 'Meta Platforms Inc.', 'US5'),
(10007, 'NFLX', 'Netflix Inc.', 'US6'),
(10008, 'NVDA', 'NVIDIA Corporation', 'US7'),
(10009, 'SPY', 'SPDR S&P 500 ETF Trust', 'US8'),
(10010, 'BRK.B', 'Berkshire Hathaway Inc.', 'US9');

INSERT INTO price_entry (id, ticker_id, price, date) VALUES
(10001, 10001, 145.23, '2025-02-01'),
(10002, 10001, 146.50, '2025-02-02'),
(10003, 10001, 147.12, '2025-02-03'),
(10004, 10002, 2752.40, '2025-02-01'),
(10005, 10002, 2755.15, '2025-02-02'),
(10006, 10002, 2760.20, '2025-02-03'),
(10007, 10003, 3450.01, '2025-02-01'),
(10008, 10003, 3445.88, '2025-02-02'),
(10009, 10003, 3460.00, '2025-02-03'),
(10010, 10004, 310.50, '2025-02-01'),
(10011, 10004, 315.75, '2025-02-02'),
(10012, 10004, 317.20, '2025-02-03'),
(10013, 10005, 711.12, '2025-02-01'),
(10014, 10005, 715.33, '2025-02-02'),
(10015, 10005, 717.98, '2025-02-03'),
(10016, 10001, 158.78, '2025-02-04'),
(10017, 10001, 159.02, '2025-02-05'),
(10018, 10001, 159.45, '2025-02-06'),
(10019, 10007, 598.55, '2025-02-01'),
(10020, 10007, 603.20, '2025-02-02'),
(10021, 10007, 606.30, '2025-02-03'),
(10022, 10001, 194.10, '2025-02-07'),
(10023, 10001, 195.75, '2025-02-08'),
(10024, 10001, 196.60, '2025-02-09'),
(10025, 10009, 401.23, '2025-02-01'),
(10026, 10009, 402.12, '2025-02-02'),
(10027, 10009, 403.40, '2025-02-03'),
(10028, 10010, 326.80, '2025-02-01'),
(10029, 10010, 329.55, '2025-02-02'),
(10030, 10010, 331.20, '2025-02-03');


INSERT INTO transaction_table (id, cost, date, quantity, portfolio_id, isin) VALUES
(10001, 150.75, '2024-02-15',  10, 10001, 'ISIN1'),
(10002, 200.50, '2024-02-16',  15, 10001, 'ISIN2'),
(10003, 180.20, '2024-02-20', -12, 10001, 'ISIN2'),
(10004, 95.60,  '2024-02-21',   6, 10001, 'ISIN1'),
(10005, 250.80, '2024-02-22',  18, 10001, 'ISIN2'),
(10006, 175.99, '2024-02-23',  11, 10001, 'ISIN1'),
(10007, 130.45, '2024-02-24',  -9, 10001, 'ISIN2');

INSERT INTO se_users (id, username, password, role) VALUES
(10001, 'admin', '$2a$12$6pgXp3jaRMKQlliA8pDdXOWvOaW5b86ct.icjD4TygnUO3rSCgqBu', 'user,admin'),
(10002, 'user', '$2a$12$TdkZPIy5xkCSM/PNwzb8wu95VapYIwoQ6QpOr9c5GU4/vgsKyeX2.', 'user');

